[{
        "School_name": "Lotus Public School",
        "Class": 6,
        "Section": "A",
        "Name": "Ashwin S",
        "Id": "LPS001"
    },
    {
        "School_name": "Lotus Public School",
        "Class": 6,
        "Section": "A",
        "Name": "Dakshinya V",
        "Id": "LPS002"
    },
    {
        "School_name": "Lotus Public School",
        "Class": 6,
        "Section": "A",
        "Name": "Darshan S",
        "Id": "LPS003"
    },
    {
        "School_name": "Lotus Public School",
        "Class": 6,
        "Section": "A",
        "Name": "Induja S",
        "Id": "LPS004"
    },
    {
        "School_name": "Lotus Public School",
        "Class": 6,
        "Section": "A",
        "Name": "Lokesh Kumar R",
        "Id": "LPS005"
    },
    {
        "School_name": "Lotus Public School",
        "Class": 6,
        "Section": "A",
        "Name": "Mahesh S",
        "Id": "LPS006"
    },
    {
        "School_name": "Lotus Public School",
        "Class": 6,
        "Section": "A",
        "Name": "Nandagugan S",
        "Id": "LPS007"
    },
    {
        "School_name": "Lotus Public School",
        "Class": 6,
        "Section": "A",
        "Name": "Neha M",
        "Id": "LPS008"
    },
    {
        "School_name": "Lotus Public School",
        "Class": 6,
        "Section": "A",
        "Name": "Pooja sree GR",
        "Id": "LPS009"
    },
    {
        "School_name": "Lotus Public School",
        "Class": 6,
        "Section": "A",
        "Name": "Sujan JS",
        "Id": "LPS010"
    },
    {
        "School_name": "Lotus Public School",
        "Class": 6,
        "Section": "A",
        "Name": "Swarnika S",
        "Id": "LPS011"
    },
    {
        "School_name": "Lotus Public School",
        "Class": 6,
        "Section": "A",
        "Name": "Vishnu Priya M",
        "Id": "LPS012"
    },
    {
        "School_name": "Lotus Public School",
        "Class": 6,
        "Section": "A",
        "Name": "Vijival Sachin",
        "Id": "LPS052"
    },
    {
        "School_name": "Lotus Public School",
        "Class": 7,
        "Section": "A",
        "Name": "Bharaneetharan S",
        "Id": "LPS013"
    },
    {
        "School_name": "Lotus Public School",
        "Class": 7,
        "Section": "A",
        "Name": "Deepak S",
        "Id": "LPS014"
    },
    {
        "School_name": "Lotus Public School",
        "Class": 7,
        "Section": "A",
        "Name": "Dharaneesh SP",
        "Id": "LPS015"
    },
    {
        "School_name": "Lotus Public School",
        "Class": 7,
        "Section": "A",
        "Name": "Ganga Devi S",
        "Id": "LPS016"
    },
    {
        "School_name": "Lotus Public School",
        "Class": 7,
        "Section": "A",
        "Name": "Joshna N",
        "Id": "LPS017"
    },
    {
        "School_name": "Lotus Public School",
        "Class": 7,
        "Section": "A",
        "Name": "Kiruthish KB",
        "Id": "LPS019"
    },
    {
        "School_name": "Lotus Public School",
        "Class": 7,
        "Section": "A",
        "Name": "Madhunisha S S",
        "Id": "LPS020"
    },
    {
        "School_name": "Lotus Public School",
        "Class": 7,
        "Section": "A",
        "Name": "Pratiksha S",
        "Id": "LPS021"
    },
    {
        "School_name": "Lotus Public School",
        "Class": 7,
        "Section": "A",
        "Name": "Prithviraj A",
        "Id": "LPS022"
    },
    {
        "School_name": "Lotus Public School",
        "Class": 7,
        "Section": "A",
        "Name": "Ravishankara J",
        "Id": "LPS023"
    },
    {
        "School_name": "Lotus Public School",
        "Class": 7,
        "Section": "A",
        "Name": "Ravivarman S",
        "Id": "LPS024"
    },
    {
        "School_name": "Lotus Public School",
        "Class": 7,
        "Section": "A",
        "Name": "Sarvesh K",
        "Id": "LPS025"
    },
    {
        "School_name": "Lotus Public School",
        "Class": 7,
        "Section": "A",
        "Name": "Sarveswaran RT",
        "Id": "LPS026"
    },
    {
        "School_name": "Lotus Public School",
        "Class": 7,
        "Section": "A",
        "Name": "Seema Kumari R",
        "Id": "LPS027"
    },
    {
        "School_name": "Lotus Public School",
        "Class": 7,
        "Section": "A",
        "Name": "Sukhesh KR",
        "Id": "LPS028"
    },
    {
        "School_name": "Lotus Public School",
        "Class": 7,
        "Section": "A",
        "Name": "Trinetra R N",
        "Id": "LPS029"
    },
    {
        "School_name": "Lotus Public School",
        "Class": 7,
        "Section": "A",
        "Name": "Trishna R",
        "Id": "LPS030"
    },
    {
        "School_name": "Lotus Public School",
        "Class": 7,
        "Section": "A",
        "Name": "Varshika R",
        "Id": "LPS031"
    },
    {
        "School_name": "Lotus Public School",
        "Class": 7,
        "Section": "A",
        "Name": "Vidya R",
        "Id": "LPS032"
    },
    {
        "School_name": "Lotus Public School",
        "Class": 7,
        "Section": "A",
        "Name": "Aakash M",
        "Id": "LPS049"
    },
    {
        "School_name": "Lotus Public School",
        "Class": 7,
        "Section": "A",
        "Name": "Vishali P",
        "Id": "LPS033"
    },
    {
        "School_name": "Lotus Public School",
        "Class": 7,
        "Section": "A",
        "Name": "Gowtham",
        "Id": "LPS050"
    },
    {
        "School_name": "Lotus Public School",
        "Class": 7,
        "Section": "A",
        "Name": "Kanishka",
        "Id": "LPS053"
    },
    {
        "School_name": "Lotus Public School",
        "Class": 7,
        "Section": "A",
        "Name": "Lakshanasri S",
        "Id": "LPS054"
    },
    {
        "School_name": "Lotus Public School",
        "Class": 7,
        "Section": "A",
        "Name": "Subanithi M",
        "Id": "LPS055"
    },
    {
        "School_name": "Lotus Public School",
        "Class": 8,
        "Section": "A",
        "Name": "Darshan R",
        "Id": "LPS034"
    },
    {
        "School_name": "Lotus Public School",
        "Class": 8,
        "Section": "A",
        "Name": "Durganandini D",
        "Id": "LPS035"
    },
    {
        "School_name": "Lotus Public School",
        "Class": 8,
        "Section": "A",
        "Name": "Idhazhya S",
        "Id": "LPS036"
    },
    {
        "School_name": "Lotus Public School",
        "Class": 8,
        "Section": "A",
        "Name": "Kishore S",
        "Id": "LPS037"
    },
    {
        "School_name": "Lotus Public School",
        "Class": 8,
        "Section": "A",
        "Name": "Manoranjan S",
        "Id": "LPS038"
    },
    {
        "School_name": "Lotus Public School",
        "Class": 8,
        "Section": "A",
        "Name": "Nandhabalan V",
        "Id": "LPS039"
    },
    {
        "School_name": "Lotus Public School",
        "Class": 8,
        "Section": "A",
        "Name": "Nandhini M",
        "Id": "LPS040"
    },
    {
        "School_name": "Lotus Public School",
        "Class": 8,
        "Section": "A",
        "Name": "Rohit K",
        "Id": "LPS041"
    },
    {
        "School_name": "Lotus Public School",
        "Class": 8,
        "Section": "A",
        "Name": "Rubikasri S",
        "Id": "LPS042"
    },
    {
        "School_name": "Lotus Public School",
        "Class": 8,
        "Section": "A",
        "Name": "Sailaysh T",
        "Id": "LPS043"
    },
    {
        "School_name": "Lotus Public School",
        "Class": 8,
        "Section": "A",
        "Name": "Shankar Saravanan Navneet .B",
        "Id": "LPS044"
    },
    {
        "School_name": "Lotus Public School",
        "Class": 8,
        "Section": "A",
        "Name": "Tarun U",
        "Id": "LPS045"
    },
    {
        "School_name": "Lotus Public School",
        "Class": 8,
        "Section": "A",
        "Name": "Thanisha M",
        "Id": "LPS046"
    },
    {
        "School_name": "Lotus Public School",
        "Class": 8,
        "Section": "A",
        "Name": "Vignesh M",
        "Id": "LPS047"
    },
    {
        "School_name": "Lotus Public School",
        "Class": 8,
        "Section": "A",
        "Name": "Bhavishka S",
        "Id": "LPS048"
    },
    {
        "School_name": "High School",
        "Class": 8,
        "Section": "A",
        "Name": "Vignesh M",
        "Id": "LPS049"
    },
    {
        "School_name": "Internationl High School",
        "Class": 8,
        "Section": "A",
        "Name": "Vignesh M",
        "Id": "LPS050"
    },
    {
        "School_name": "High School", 
        "Class":  7, 
        "Section":  "B", 
        "Name":  "Vignesh M", 
        "Id":  "LPS051"
       },
       {
        "School_name": "Internationl High School", 
        "Class":  9, 
        "Section":  "B", 
        "Name":  "Vignesh M", 
        "Id":  "LPS052"
       }
]